formula,target,enthalpy,space_group,pearson_symbol
Al1As1,67.4056,-0.48773500000000003,216 - F43m,cF8
Al1B1Be1,140.778,-2.28262,216 - F43m,cF12
Al1Ba1Ge1,44.3828,-0.471822,187 - P6m2,hP3
Al1Ba1Si1,49.0752,-0.383687,187 - P6m2,hP3
Al1Bi1,37.8444,0.05966950000000001,216 - F43m,cF8
Al1Bi1O3,189.28900000000002,-2.2812200000000002,221 - Pm3m,cP5
Al1C1Ho3,81.2167,-0.418804,221 - Pm3m,cP5
Al1C1Y3,80.6944,-0.424842,221 - Pm3m,cP5
Al1Ca1Si1,57.0844,-0.386889,187 - P6m2,hP3
Al1Ge1Li1,59.0611,-0.29811,216 - F43m,cF12
Al1Ge1Sr1,46.2798,-0.471713,187 - P6m2,hP3
Al1Li1Si1,62.9167,-0.2193,216 - F43m,cF12
Al1P1,82.8556,-0.654625,216 - F43m,cF8
Al1Sb1,49.4333,-0.282088,216 - F43m,cF8
Al1Si1Sr1,52.0558,-0.398685,187 - P6m2,hP3
Al1Y1,62.5167,-0.41735200000000006,221 - Pm3m,cP2
Al1Y3,51.4167,-0.18776400000000001,221 - Pm3m,cP4
Al1Zr3,101.603,-0.300465,221 - Pm3m,cP4
Al2As2,66.7646,-0.481926,186 - P63mc,hP4
Al2Ba1Si2,42.4195,-0.287542,139 - I4/mmm,tI10
Al2C2Zr4,123.92299999999999,-0.650021,194 - P63/mmc,hP8
Al2Ge2Y2,81.5208,-0.667238,63 - Cmcm,oS12
Al2Hf2,117.73100000000001,-0.402046,63 - Cmcm,oS8
Al2Hf4,112.19200000000001,-0.264596,140 - I4/mcm,tI12
Al2Hg1Te4,25.3311,-0.382112,82 - I4,tI14
Al2K2O4,92.1278,-2.73062,227 - Fd3m,cF32
Al2K2Te4,18.1246,-0.7888109999999999,140 - I4/mcm,tI16
Al2Li10O8,80.2061,-2.39711,59 - Pmmn,oP20
Al2Li2,47.0667,-0.183254,227 - Fd3m,cF16
Al2Li2Te4,27.9597,-0.715579,122 - I42d,tI16
Al2O4Rb2,91.7111,-2.7438,227 - Fd3m,cF32
Al2O6Y2,168.25099999999998,-3.4914699999999996,194 - P63/mmc,hP10
Al2O8P2,121.645,-2.96155,186 - P63mc,hP12
Al2P2,82.7112,-0.650623,186 - P63mc,hP4
Al2Se4Tl2,26.9027,-0.749202,140 - I4/mcm,tI16
Al2Si2Y2,87.846,-0.633736,63 - Cmcm,oS12
Al2Y2,59.9133,-0.419476,63 - Cmcm,oS8
Al2Zr2,107.029,-0.470629,63 - Cmcm,oS8
Al2Zr4,99.3378,-0.320294,140 - I4/mcm,tI12
Al2Zr4,102.874,-0.36046999999999996,194 - P63/mmc,hP6
Al3Hf1,107.185,-0.386304,139 - I4/mmm,tI8
Al3Hf4,115.99,-0.390498,191 - P6/mmm,hP7
Al3Ho1,75.1,-0.421792,221 - Pm3m,cP4
Al3Li1,65.2889,-0.100048,221 - Pm3m,cP4
Al3Mg3Y3,57.4472,-0.335064,189 - P62m,hP9
Al3Y1,74.8833,-0.422253,221 - Pm3m,cP4
Al3Zr1,101.6,-0.45961899999999994,221 - Pm3m,cP4
Al3Zr4,107.561,-0.460229,191 - P6/mmm,hP7
Al4Ba1,50.9005,-0.237546,139 - I4/mmm,tI10
Al4Ba2,42.3722,-0.197602,227 - Fd3m,cF24
Al4Ca12Sb12,37.8383,-0.94058,62 - Pnma,oP28
Al4Ca2,56.3278,-0.329725,227 - Fd3m,cF24
Al4Hg2Se8,62.1833,-0.654525,227 - Fd3m,cF56
Al4Ho2,80.4667,-0.5184439999999999,227 - Fd3m,cF24
Al4Ho8,57.4884,-0.300736,62 - Pnma,oP12
Al4Li4,36.9949,-0.09776010000000002,194 - P63/mmc,hP8
Al4Li4O8,92.3859,-2.96182,92 - P41212,tP16
Al4Mg2O8,183.639,-3.23624,227 - Fd3m,cF56
Al4Mg2O8,195.544,-3.12804,63 - Cmcm,oS28
Al4O10Si2,215.252,-3.1137799999999998,63 - Cmcm,oS32
Al4O12Y4,190.64700000000002,-3.5752900000000003,62 - Pnma,oP20
Al4O8Pb2,66.9038,-2.75577,40 - Ama2,oS28
Al4Se8Sr2,30.0517,-1.27407,66 - Cccm,oS28
Al4Sr2,48.0667,-0.256035,227 - Fd3m,cF24
Al4Y2,80.2778,-0.534161,227 - Fd3m,cF24
Al4Y8,52.9926,-0.316525,62 - Pnma,oP12
Al5Ca5Si5,55.4562,-0.388984,187 - P6m2,hP15
Al6C2Zr10,105.679,-0.508528,193 - P63/mcm,hP18
Al6C6Ho2,159.593,-0.308994,194 - P63/mmc,hP14
Al6C6Y2,157.31799999999998,-0.29285300000000003,194 - P63/mmc,hP14
Al6C8Hf4,196.517,-0.49719300000000005,194 - P63/mmc,hP18
Al6C8Zr4,188.68,-0.459016,194 - P63/mmc,hP18
Al6Ca6Si6,56.7437,-0.387291,186 - P63mc,hP18
Al6Hf2,106.07,-0.396345,139 - I4/mmm,tI16
Al6Zr2,103.822,-0.487699,139 - I4/mmm,tI16
Al8Ba4Ge8,52.2293,-0.398701,62 - Pnma,oP20
Al8Ba4Si8,57.2479,-0.296768,62 - Pnma,oP20
Al8C2O8,129.172,-2.48822,36 - Cmc21,oS36
Al8C8Si2,156.225,0.104128,186 - P63mc,hP18
Al8Hf12,115.99700000000001,-0.329863,136 - P42/mnm,tP20
Al8Hf4,119.26799999999999,-0.44342200000000004,194 - P63/mmc,hP12
Al8Ho12,60.4354,-0.333131,136 - P42/mnm,tP20
Al8Mg4,57.7423,0.00166783,141 - I41/amd,tI24
Al8O12,230.69799999999998,-3.18738,60 - Pbcn,oP20
Al8O20Si4,144.014,-3.22222,58 - Pnnm,oP32
Al8Sb8,48.7593,-0.167728,205 - Pa3,cP16
Al8Y12,58.1696,-0.358132,136 - P42/mnm,tP20
Al8Zr10,101.079,-0.41895,193 - P63/mcm,hP18
Al8Zr12,104.28,-0.40178600000000003,136 - P42/mnm,tP20
Al8Zr4,112.292,-0.5403680000000001,194 - P63/mmc,hP12
Al8Zr4,113.06700000000001,-0.539998,194 - P63/mmc,hP12
Al8Zr4,113.01299999999999,-0.540017,194 - P63/mmc,hP12
Al8Zr4,112.92200000000001,-0.5400149999999999,194 - P63/mmc,hP12
As1,84.6111,0.111626,221 - Pm3m,cP1
As16Mg24,49.3,-0.631984,206 - Ia3,cI80
As16Mg24,49.1878,-0.632046,206 - Ia3,cI80
As16Mg4,43.8761,-0.23080900000000001,92 - P41212,tP20
As1B1,132.02200000000002,-3.36665,216 - F43m,cF8
As1B2P1,146.702,-3.5651900000000003,115 - P4m2,tP4
As1Ba1Li1,34.2294,-0.944981,187 - P6m2,hP3
As1Br3Ca3,34.4278,-1.8097299999999998,221 - Pm3m,cP7
As1Ca3Cl3,37.6278,-2.0171099999999997,221 - Pm3m,cP7
As1Ge1,63.5343,0.052915,107 - I4mm,tI4
As1Ho1,78.0944,-1.53115,225 - Fm3m,cF8
As1Li1Mg1,48.8778,-0.749955,216 - F43m,cF12
As1Na1,42.4969,-0.24761599999999998,123 - P4/mmm,tP2
As1Na3,25.8167,-0.37965,225 - Fm3m,cF16
As1Te1,62.7889,0.09815800000000001,225 - Fm3m,cF8
As1Tl1,39.5389,0.10822999999999999,216 - F43m,cF8
As1Y1,76.6278,-1.55616,225 - Fm3m,cF8
As1Zr1,118.361,-1.07851,225 - Fm3m,cF8
As2Be2Na2,45.3944,-0.395477,194 - P63/mmc,hP6
As2Bi2O8,123.527,-1.59291,88 - I41/a,tI24
As2Ca1Mg2,50.5853,-0.948829,164 - P3m1,hP5
As2Ca2Rb2,21.2268,-0.854826,129 - P4/nmm,tP6
As2Ca4,36.9974,-0.9468489999999999,139 - I4/mmm,tI12
As2Hg1O6,122.94200000000001,-1.3053,162 - P31m,hP9
As2Hg2K2,25.7402,-0.361881,194 - P63/mmc,hP6
As2K2Mg2,27.8327,-0.691142,129 - P4/nmm,tP6
As2Mg2Na2,34.5954,-0.643872,129 - P4/nmm,tP6
As2Na6,23.8489,-0.424105,194 - P63/mmc,hP8
As2Pb6Zr10,102.19200000000001,-0.524374,193 - P63/mcm,hP18
As2Rb6Se32,12.1108,-0.340033,203 - Fd3,cF160
As2Sb6Zr10,112.66,-0.910266,193 - P63/mcm,hP18
As2Sr4,30.9491,-0.8669379999999999,139 - I4/mmm,tI12
As3Na3Sr3,34.647,-0.878539,189 - P62m,hP9
As4Ge2Mg2,52.4012,-0.270986,122 - I42d,tI16
As4Ge3,48.3037,0.00323829,215 - P43m,cP7
As4Hf4,127.46600000000001,-1.00566,194 - P63/mmc,hP8
As4K12Se12,13.5165,-0.930491,198 - P213,cP28
As4Mg6,48.85,-0.466908,224 - Pn3m,cP10
As4Na12Se12,18.794,-0.8089270000000001,198 - P213,cP28
As4O12Sr2,109.965,-2.0709400000000002,193 - P63/mcm,hP18
As4Zr4,118.449,-1.14883,194 - P63/mmc,hP8
As6Sr6,39.5598,-1.08346,189 - P62m,hP12
As8Ba4Ge8,43.1844,-0.50455,105 - P42mc,tP20
As8Hf12,135.013,-0.907856,62 - Pnma,oP20
As8Hf4,115.70700000000001,-0.758025,62 - Pnma,oP12
As8O12,5.13889,-1.4709,227 - Fd3m,cF80
As8O12,5.66667,-1.47021,227 - Fd3m,cF80
As8Si4,79.6275,0.044083300000000006,205 - Pa3,cP12
As8Zr12,126.639,-1.05882,62 - Pnma,oP20
As8Zr4,109.262,-0.844934,62 - Pnma,oP12
As8Zr4,57.6155,-0.497692,71 - Immm,oI12
B12Hf1,237.2,-6.37191,225 - Fm3m,cF52
B12Ho1,218.68900000000002,-6.4299800000000005,225 - Fm3m,cF52
B12Y1,217.678,-6.4221,225 - Fm3m,cF52
B12Zr1,231.972,-6.39056,225 - Fm3m,cF52
B16C16Mg8,157.595,-2.83087,64 - Cmce,oS80
B18Li2,199.797,-5.98763,185 - P63cm,hP20
B1Be2,145.72799999999998,-2.18787,225 - Fm3m,cF12
B1Bi1,74.7222,-2.55551,216 - F43m,cF8
B1C5,376.10699999999997,-0.8746309999999999,44 - Imm2,oI12
B1C7,388.344,-0.581283,215 - P43m,cP8
B1C7,391.95599999999996,-0.647736,115 - P4m2,tP8
B1C7,385.055,-0.617825,25 - Pmm2,oP8
B1Hf1,173.528,-3.76102,225 - Fm3m,cF8
B1P1,161.95,-3.7981300000000005,216 - F43m,cF8
B1Sb1,98.3222,-3.09346,216 - F43m,cF8
B1Zr1,160.072,-3.7214199999999997,225 - Fm3m,cF8
B28,223.14700000000002,-6.66565,58 - Pnnm,oP28
B2C2Li2,154.076,-2.61242,194 - P63/mmc,hP6
B2Ca1,122.25200000000001,-4.596030000000001,191 - P6/mmm,hP3
B2Hf1,251.301,-5.48393,191 - P6/mmm,hP3
B2Mg1,147.879,-4.59189,191 - P6/mmm,hP3
B2P2,162.387,-3.78712,186 - P63mc,hP4
B2Y1,164.012,-5.02245,191 - P6/mmm,hP3
B2Zr1,238.24599999999998,-5.4522900000000005,191 - P6/mmm,hP3
B48,156.591,-6.53958,134 - P42/nnm,tP48
B4C4Ca2,134.68200000000002,-3.01496,140 - I4/mcm,tI20
B4C4Ca2,130.536,-2.8649400000000003,131 - P42/mmc,tP10
B4C4Y2,171.47299999999998,-2.9776,131 - P42/mmc,tP10
B6Ba1,143.861,-6.14502,221 - Pm3m,cP7
B6Ca1,143.47799999999998,-6.14502,221 - Pm3m,cP7
B6Ho1,169.761,-6.12204,221 - Pm3m,cP7
B6K1,133.77200000000002,-5.76377,221 - Pm3m,cP7
B6Sr1,146.361,-6.18698,221 - Pm3m,cP7
B6Y1,171.24400000000003,-6.136419999999999,221 - Pm3m,cP7
B8Be4C8,193.66,-2.77901,59 - Pmmn,oP20
Ba1,8.37778,0.017794,225 - Fm3m,cF4
Ba10Sb8,27.7227,-1.15634,64 - Cmce,oS36
Ba1C2,41.0331,0.0959353,139 - I4/mmm,tI6
Ba1Cl2,29.2,-2.5798,225 - Fm3m,cF12
Ba1Hg1,24.0,-0.526864,221 - Pm3m,cP2
Ba1Li1P1,37.4517,-0.905739,187 - P6m2,hP3
Ba1Li1Si1,27.5433,-0.17893599999999998,187 - P6m2,hP3
Ba1Mg2Si2,49.7584,-0.33683,139 - I4/mmm,tI10
Ba1Mg4Si3,52.4247,-0.280098,123 - P4/mmm,tP8
Ba1O1,69.0889,-2.69896,225 - Fm3m,cF8
Ba1O2,68.0023,-2.1446400000000003,139 - I4/mmm,tI6
Ba1O3Pb1,62.2,-0.8635450000000001,221 - Pm3m,cP5
Ba1O3Pb1,99.5833,-1.9335799999999999,221 - Pm3m,cP5
Ba1O3Zr1,147.567,-3.49221,221 - Pm3m,cP5
Ba1Se1,35.6556,-2.0514099999999997,225 - Fm3m,cF8
Ba1Se1,38.8944,-1.85107,221 - Pm3m,cP2
Ba1Te1,28.4333,-1.7911599999999999,225 - Fm3m,cF8
Ba1Te1,31.7389,-1.62371,221 - Pm3m,cP2
Ba2,8.42265,0.013797,194 - P63/mmc,hP2
Ba2Be26,89.4444,0.0416521,226 - Fm3c,cF112
Ba2Bi2O6,107.411,-2.06523,225 - Fm3m,cF40
Ba2Bi3,31.7497,-0.773238,71 - Immm,oI10
Ba2C8O8,46.228,-1.3866100000000001,140 - I4/mcm,tI36
Ba2Hg1,15.9586,-0.37688699999999997,139 - I4/mmm,tI6
Ba2Li2P2,39.4235,-0.939219,194 - P63/mmc,hP6
Ba2Li2Sb2,29.9651,-1.02439,194 - P63/mmc,hP6
Ba2O12Te4,73.3669,-1.8318599999999998,63 - Cmcm,oS36
Ba2O2,66.7786,-2.67251,194 - P63/mmc,hP4
Ba2O4Zr1,107.133,-3.29028,139 - I4/mmm,tI14
Ba2Si46,76.3611,0.0396462,223 - Pm3n,cP48
Ba2Te4,28.7313,-1.1911100000000001,140 - I4/mcm,tI12
Ba2Te6,22.8583,-0.883601,113 - P421m,tP8
Ba2Tl4,26.449,-0.388781,194 - P63/mmc,hP6
Ba3Bi3Na3,24.2806,-0.7806960000000001,189 - P62m,hP9
Ba3Cl6,32.2884,-2.54933,189 - P62m,hP9
Ba3Na3P3,34.048,-0.802864,189 - P62m,hP9
Ba3O1Pb1,34.4222,-1.44356,221 - Pm3m,cP5
Ba4Ca4Ge4,30.316,-0.585432,62 - Pnma,oP12
Ba4Ca4Pb4,24.9434,-0.595583,62 - Pnma,oP12
Ba4Ge8P8,48.2724,-0.5368390000000001,105 - P42mc,tP20
Ba4Hg8Tl8,29.8276,-0.323393,136 - P42/mnm,tP20
Ba4Sb2,23.5643,-0.935357,139 - I4/mmm,tI12
Ba4Si8,52.5056,-0.34521,212 - P4332,cP12
Ba6C60,72.9819,0.165498,204 - Im3,cI132
Ba6Ge10,36.6308,-0.55143,63 - Cmcm,oS32
Ba6Mg23,24.8222,-0.07857180000000001,225 - Fm3m,cF116
Ba6O10Si2,73.9944,-3.10045,140 - I4/mcm,tI36
Ba6P8,33.8768,-0.997041,43 - Fdd2,oF56
Ba6Pb10,26.8549,-0.505868,63 - Cmcm,oS32
Ba6Si46,76.6944,-0.086886,223 - Pm3n,cP52
Ba8Bi6,25.0778,-0.9244610000000001,220 - I43d,cI28
Ba8Ge4,22.0405,-0.491142,62 - Pnma,oP12
Ba8Si4,22.305,-0.31049699999999997,62 - Pnma,oP12
Ba8Si46,72.9111,-0.10782699999999999,223 - Pm3n,cP54
Be1O1,207.65,-2.9731,216 - F43m,cF8
Be1O1,241.178,-2.49808,225 - Fm3m,cF8
Be1Se1,87.95,-0.25463600000000003,225 - Fm3m,cF8
Be1Se1,74.8944,-0.797927,216 - F43m,cF8
Be1Te1,56.5556,-0.358506,216 - F43m,cF8
Be1Te1,66.7111,0.151563,225 - Fm3m,cF8
Be24P16,91.7833,-0.266228,206 - Ia3,cI80
Be26Ca2,94.9278,-0.09509119999999999,226 - Fm3c,cF112
Be26Hf2,125.944,-0.173177,226 - Fm3c,cF112
Be26Ho2,112.861,-0.18517,226 - Fm3c,cF112
Be26Mg2,98.7111,0.0009033569999999999,226 - Fm3c,cF112
Be26Sb2,100.27799999999999,0.14363499999999998,226 - Fm3c,cF112
Be26Sr2,94.7722,-0.048016500000000004,226 - Fm3c,cF112
Be26Zr2,123.939,-0.19561800000000001,226 - Fm3c,cF112
Be2C1,207.489,-0.23265,225 - Fm3m,cF12
Be2Hf1,128.21200000000002,-0.169047,191 - P6/mmm,hP3
Be2Hf2,121.15799999999999,-0.076578,63 - Cmcm,oS8
Be2Hf2Si2,146.714,-0.655594,194 - P63/mmc,hP6
Be2Li2P2,62.7814,-0.611066,129 - P4/nmm,tP6
Be2Li2Sb2,55.3101,-0.325056,186 - P63mc,hP6
Be2Na2Sb2,35.177,-0.25049699999999997,194 - P63/mmc,hP6
Be2O2,205.99099999999999,-2.9799599999999997,186 - P63mc,hP4
Be2Si1,98.7278,0.23799099999999998,225 - Fm3m,cF12
Be2Zr1,119.78200000000001,-0.16350599999999998,191 - P6/mmm,hP3
Be4O4,196.372,-2.96793,136 - P42/mnm,tP8
Be5Hf1,129.435,-0.227008,191 - P6/mmm,hP6
Be6Cl12,11.6333,-1.4224700000000001,217 - I43m,cI36
Be6P4,99.75,-0.110329,224 - Pn3m,cP10
Bi1,49.4889,0.041072000000000004,221 - Pm3m,cP1
Bi1,54.6389,0.129588,229 - Im3m,cI2
Bi16O24,109.979,-1.4347,206 - Ia3,cI80
Bi1Ho1,54.5889,-0.861246,225 - Fm3m,cF8
Bi1K3,12.2389,-0.365149,225 - Fm3m,cF16
Bi1Li1,37.2932,-0.382143,123 - P4/mmm,tP2
Bi1Li1Mg1,31.5889,-0.428658,216 - F43m,cF12
Bi1Li3,28.2111,-0.544817,225 - Fm3m,cF16
Bi1Na1,30.3974,-0.313636,123 - P4/mmm,tP2
Bi1O2,132.906,-1.1886,225 - Fm3m,cF12
Bi1Rb3,9.938889999999999,-0.31635599999999997,225 - Fm3m,cF16
Bi1Y1,55.4333,-0.916092,225 - Fm3m,cF8
Bi2Ca4,27.6617,-0.776018,139 - I4/mmm,tI12
Bi2K6,10.4428,-0.38748699999999997,194 - P63/mmc,hP8
Bi2O2Se1,77.3104,-1.1583700000000001,139 - I4/mmm,tI10
Bi2Rb6,9.55761,-0.344507,194 - P63/mmc,hP8
Bi3Sr1,44.9444,-0.452,221 - Pm3m,cP4
Bi4,310.346,0.194242,140 - I4/mcm,tI8
Bi4K12Se12,13.2031,-0.965835,198 - P213,cP28
Bi4K12Te12,10.2746,-0.8011520000000001,198 - P213,cP28
Bi4Li4Sr4,29.9502,-0.847318,62 - Pnma,oP12
Bi4Mg2O12,120.28299999999999,-1.56009,136 - P42/mnm,tP18
Bi4O12Rb12,15.7753,-1.53459,198 - P213,cP28
Bi4O6,116.87200000000001,-1.1314,224 - Pn3m,cP10
Bi4Rb12Se12,11.4072,-0.956665,198 - P213,cP28
Bi6Sr8,29.5333,-0.896906,220 - I43d,cI28
Bi8O12,27.0722,-1.4375,227 - Fd3m,cF80
Br10Pb4Rb2,13.3059,-1.18315,140 - I4/mcm,tI32
Br12K4Te2,8.85281,-1.06449,128 - P4/mnc,tP18
Br1K1,13.8278,-1.7923099999999998,225 - Fm3m,cF8
Br1K1,17.15,-1.71627,221 - Pm3m,cP2
Br1K3O1,19.2167,-1.43923,221 - Pm3m,cP5
Br1Li1,26.1611,-1.56859,225 - Fm3m,cF8
Br1Li3O1,48.9389,-1.78875,221 - Pm3m,cP5
Br1Na1,20.5333,-1.6072899999999999,225 - Fm3m,cF8
Br1O1Rb3,16.4389,-1.36535,221 - Pm3m,cP5
Br1Rb1,12.5667,-1.79542,225 - Fm3m,cF8
Br1Rb1,14.3,-1.74003,221 - Pm3m,cP2
Br1Tl1,16.4611,-0.9062379999999999,225 - Fm3m,cF8
Br1Tl1,20.7944,-0.860814,221 - Pm3m,cP2
Br2O8Y6,103.29899999999999,-3.5460800000000003,63 - Cmcm,oS32
Br2Se4Tl10,20.2106,-0.5045470000000001,140 - I4/mcm,tI32
Br2Tl2,14.9713,-0.8831540000000001,63 - Cmcm,oS8
Br32Si8,0.666667,-0.869087,205 - Pa3,cP40
Br4,4.6992199999999995,-0.039555,64 - Cmce,oS8
Br4Ca2,26.1559,-2.07839,136 - P42/mnm,tP6
Br4Na4O12,25.0933,-0.865619,198 - P213,cP20
Br4Na4O12,27.4095,-0.866196,198 - P213,cP20
Br4Na4O12,25.365,-0.8661639999999999,198 - P213,cP20
Br6K2Se1,10.85,-0.9299860000000001,225 - Fm3m,cF36
Br6K2Te1,10.4389,-1.05197,225 - Fm3m,cF36
Br6Rb2Te1,9.12778,-1.0921399999999999,225 - Fm3m,cF36
Br8Li6Mg1,23.0111,-1.56349,225 - Fm3m,cF60
Br9Rb3Sb2,10.0446,-1.22175,164 - P3m1,hP14
C10Si10,212.965,-0.207608,156 - P3m1,hP20
C12,435.03,0.13701300000000002,194 - P63/mmc,hP12
C12,81.2161,-0.000156,194 - P63/mmc,hP12
C14Si14,212.84599999999998,-0.20755,156 - P3m1,hP28
C16,434.908,0.135533,194 - P63/mmc,hP16
C16,401.533,0.285175,62 - Pnma,oP16
C16Si16,213.261,-0.207618,186 - P63mc,hP32
C18Si18,213.322,-0.207614,156 - P3m1,hP36
C19Si19,212.889,-0.207612,156 - P3m1,hP38
C1Ge1,176.45,0.45100100000000004,216 - F43m,cF8
C1Ge1,164.558,1.28334,225 - Fm3m,cF8
C1Hf1,158.306,-0.303342,216 - F43m,cF8
C1Hf1,239.433,-0.947442,225 - Fm3m,cF8
C1Ho3Tl1,41.4944,1.61208,221 - Pm3m,cP5
C1Li4O4,70.5525,-1.93258,121 - I42m,tI18
C1Na4O4,30.5722,-1.45655,215 - P43m,cP9
C1Na4O4,46.7906,-1.62429,121 - I42m,tI18
C1Pb1Y3,43.0611,-0.57418,221 - Pm3m,cP5
C1Si1,212.356,-0.206972,216 - F43m,cF8
C1Si1,242.21099999999998,0.535778,225 - Fm3m,cF8
C1Tl1,85.1167,2.10451,225 - Fm3m,cF8
C1Tl1Y3,77.3389,-0.495504,221 - Pm3m,cP5
C1Y1,124.4,0.037273,225 - Fm3m,cF8
C1Y1,83.1167,0.49003500000000005,216 - F43m,cF8
C1Zr1,220.86700000000002,-0.812099,225 - Fm3m,cF8
C1Zr1,145.533,-0.19718,216 - F43m,cF8
C2,433.98900000000003,0.13204100000000002,227 - Fd3m,cF8
C20,332.972,0.758971,221 - Pm3m,cP20
C21Si21,212.74200000000002,-0.20754499999999998,156 - P3m1,hP42
C2Ca2O6,59.191,-2.49472,40 - Ama2,oS20
C2Ho1,119.045,-0.200211,139 - I4/mmm,tI6
C2K8O8,34.5463,-1.56461,86 - P42/n,tP18
C2Li4O6,75.0705,-2.0590200000000003,193 - P63/mcm,hP12
C2O4,143.333,-1.15395,122 - I42d,tI12
C2O4,5.18262,-1.59251,136 - P42/mnm,tP6
C2Si2,213.095,-0.204037,186 - P63mc,hP4
C2Tl2Zr4,115.16799999999999,-0.629055,194 - P63/mmc,hP8
C2Y1,112.619,-0.190856,139 - I4/mmm,tI6
C4,402.27,0.327823,139 - I4/mmm,tI8
C4,429.108,0.155743,194 - P63/mmc,hP4
C4,112.896,-0.0003725,194 - P63/mmc,hP4
C4Mg2,77.8056,0.427624,136 - P42/mnm,tP6
C4O12Sr4,56.4738,-2.5528299999999997,62 - Pnma,oP20
C4O8,4.03889,-1.60779,205 - Pa3,cP12
C4Si4,213.155,-0.207603,186 - P63mc,hP8
C60K6,30.1122,0.21572800000000003,204 - Im3,cI132
C60Rb6,24.985,0.208468,204 - Im3,cI132
C60Sr6,78.8767,0.202094,204 - Im3,cI132
C6Si6,212.703,-0.20761999999999997,186 - P63mc,hP12
C8,402.61300000000006,0.29330500000000004,12 - C2/m,mS16
C8,288.018,0.502207,65 - Cmmm,oS16
C8,415.69699999999995,0.26046199999999997,65 - Cmmm,oS16
C8,310.589,0.758544,229 - Im3m,cI16
C8,386.978,0.8283379999999999,206 - Ia3,cI16
C8,435.267,0.140273,194 - P63/mmc,hP8
C8Na4,177.833,1.1300700000000001,212 - P4332,cP12
C8Na8,30.6999,0.22145399999999998,142 - I41/acd,tI32
C8Si4,179.82,0.8472379999999999,205 - Pa3,cP12
C8Si8,212.674,-0.207481,186 - P63mc,hP16
Ca1,17.3889,0.000449,225 - Fm3m,cF4
Ca10Sb6,36.4109,-1.07871,193 - P63/mcm,hP16
Ca12Hg4,21.8725,-0.307193,62 - Pnma,oP16
Ca16Hg36,34.7056,-0.405699,215 - P43m,cP52
Ca1Hg1,36.3444,-0.556392,221 - Pm3m,cP2
Ca1O1,105.21700000000001,-3.1856,225 - Fm3m,cF8
Ca1O2,67.4331,-2.18332,139 - I4/mmm,tI6
Ca1O3Si1,215.028,-3.0575200000000002,221 - Pm3m,cP5
Ca1O3Zr1,154.461,-3.3332300000000004,221 - Pm3m,cP5
Ca1Pb1,33.7766,-0.526438,123 - P4/mmm,tP2
Ca1Se1,32.6278,-1.7727400000000002,216 - F43m,cF8
Ca1Se1,47.3222,-2.03116,225 - Fm3m,cF8
Ca1Te1,37.4778,-1.65205,225 - Fm3m,cF8
Ca1Tl1,31.4889,-0.44658100000000006,221 - Pm3m,cP2
Ca1Tl3,38.1778,-0.23889699999999997,221 - Pm3m,cP4
Ca2Cl4,32.3886,-2.41742,136 - P42/mnm,tP6
Ca2Ge4,50.7354,-0.48576899999999995,186 - P63mc,hP6
Ca2Hg6,36.4153,-0.391322,194 - P63/mmc,hP8
Ca2O2,85.7291,-3.1205,194 - P63/mmc,hP4
Ca2O6Si2,214.88299999999998,-3.05787,127 - P4/mbm,tP10
Ca2O8Tl4,109.553,-1.58998,63 - Cmcm,oS28
Ca2Si1,37.0111,-0.449371,225 - Fm3m,cF12
Ca2Si2,53.8682,-0.540484,63 - Cmcm,oS8
Ca2Si4,61.4176,-0.365609,141 - I41/amd,tI12
Ca3Cl3P1,40.15,-2.0384900000000004,221 - Pm3m,cP7
Ca3Ge1O1,58.5667,-1.6574099999999998,221 - Pm3m,cP5
Ca3Hg1,23.8056,-0.193162,221 - Pm3m,cP4
Ca3O1Pb1,51.2722,-1.65012,221 - Pm3m,cP5
Ca3Tl1,21.7444,-0.176904,225 - Fm3m,cF16
Ca4Cl8,28.1042,-2.41686,60 - Pbcn,oP12
Ca4Ge4Mg4,47.8437,-0.576814,62 - Pnma,oP12
Ca4Ge8Li4,43.4609,-0.516724,62 - Pnma,oP16
Ca4Li4Si8,48.8646,-0.41024700000000003,62 - Pnma,oP16
Ca4Mg4Si4,51.6156,-0.442341,62 - Pnma,oP12
Ca4Mg8,30.3314,-0.123928,194 - P63/mmc,hP12
Ca4Mg8,30.4974,-0.12389700000000001,194 - P63/mmc,hP12
Ca4O12Si4,213.83700000000002,-3.05769,204 - Im3,cI40
Ca4O12Si4,213.851,-3.0604400000000003,62 - Pnma,oP20
Ca4O12Zr4,150.06799999999998,-3.52566,62 - Pnma,oP20
Ca4O8Pb2,105.00200000000001,-2.4133299999999998,55 - Pbam,oP14
Ca4Pb4Sr4,27.0474,-0.591804,62 - Pnma,oP12
Ca4Sb2,35.2138,-0.9654809999999999,139 - I4/mmm,tI12
Ca4Si12,60.2061,-0.181551,139 - I4/mmm,tI32
Ca5P8,52.1905,-0.959241,12 - C2/m,mS26
Ca6Hg4,31.2401,-0.473127,127 - P4/mbm,tP10
Ca6P6,53.093,-1.13575,189 - P62m,hP12
Ca7Ge1,19.35,-0.010577600000000001,225 - Fm3m,cF32
Ca8Cl12O2,38.6551,-2.55894,186 - P63mc,hP22
Ca8Ge4,36.3147,-0.6197729999999999,62 - Pnma,oP12
Ca8Pb4,26.9385,-0.559158,62 - Pnma,oP12
Ca8Si4,36.4155,-0.462743,62 - Pnma,oP12
Cl16Hg12O4,12.0611,-0.598511,198 - P213,cP32
Cl16Hg12O4,13.1426,-0.5984149999999999,198 - P213,cP32
Cl16Hg12O4,12.9538,-0.598607,198 - P213,cP32
Cl1K1,16.6639,-1.9754900000000002,225 - Fm3m,cF8
Cl1K1,20.1444,-1.8957099999999998,221 - Pm3m,cP2
Cl1K1O4,14.7,-0.8878290000000001,216 - F43m,cF24
Cl1Li1,32.0444,-1.8279599999999998,225 - Fm3m,cF8
Cl1Na1,24.8944,-1.8252700000000002,225 - Fm3m,cF8
Cl1Na3O1,34.6167,-1.55362,221 - Pm3m,cP5
Cl1O4Rb1,13.3722,-0.910407,216 - F43m,cF24
Cl1O4Tl1,13.6278,-0.539583,216 - F43m,cF24
Cl1Rb1,14.3167,-1.96557,225 - Fm3m,cF8
Cl1Rb1,16.6,-1.9036,221 - Pm3m,cP2
Cl1Tl1,18.4389,-1.03305,225 - Fm3m,cF8
Cl1Tl1,22.2778,-0.986217,221 - Pm3m,cP2
Cl2Hg2,12.9243,-0.558632,139 - I4/mmm,tI8
Cl2Mg1,9.2777,-1.79528,115 - P4m2,tP3
Cl2O2Y2,74.9141,-3.20154,129 - P4/nmm,tP6
Cl2Sr1,33.6611,-2.5082400000000002,225 - Fm3m,cF12
Cl4K2Mg1,21.8829,-1.9359099999999998,139 - I4/mmm,tI14
Cl4Mg2,36.0385,-1.6832200000000002,40 - Ama2,oS12
Cl4Na4O12,25.7593,-0.9448479999999999,198 - P213,cP20
Cl4Na4O12,23.7184,-0.945163,198 - P213,cP20
Cl6Pb1Rb2,9.95556,-1.32345,225 - Fm3m,cF36
Cl6Rb2Se1,10.1889,-1.15123,225 - Fm3m,cF36
Cl6Rb2Te1,9.0,-1.29799,225 - Fm3m,cF36
Cl6Rb2Zr1,9.227780000000001,-1.97331,225 - Fm3m,cF36
Cl6Te1Tl2,12.6167,-0.836362,225 - Fm3m,cF36
Cl8Mg2Na4,26.0297,-1.84142,55 - Pbam,oP14
Ge1Hg1Li2,43.1556,-0.276846,225 - Fm3m,cF16
Ge1Mg2,50.6722,-0.307935,225 - Fm3m,cF12
Ge1O3Pb1,157.483,-1.55593,221 - Pm3m,cP5
Ge1O8Zr3,197.862,-3.21713,121 - I42m,tI24
Ge1P1,76.484,0.018297,107 - I4mm,tI4
Ge1Se1,62.1889,-0.21764299999999998,225 - Fm3m,cF8
Ge1Te1,49.0222,-0.0769185,225 - Fm3m,cF8
Ge2,61.4778,0.0005059999999999999,227 - Fd3m,cF8
Ge2,71.6949,0.230692,141 - I41/amd,tI4
Ge2Ho2,82.6787,-0.870075,63 - Cmcm,oS8
Ge2Li4O6,69.7235,-2.1856,36 - Cmc21,oS24
Ge2Mg2O6,161.80200000000002,-2.24633,63 - Cmcm,oS20
Ge2Mg4,41.2556,0.185752,227 - Fd3m,cF24
Ge2Mg4O8,158.111,-2.5800099999999997,227 - Fd3m,cF56
Ge2Y2,78.3259,-0.898435,63 - Cmcm,oS8
Ge3Li3Y3,60.5342,-0.738993,189 - P62m,hP9
Ge3O9Sr3,57.6448,-2.4660900000000003,189 - P62m,hP15
Ge4,62.3675,0.0186212,194 - P63/mmc,hP4
Ge4Hf2,121.109,-0.47464799999999996,63 - Cmcm,oS12
Ge4Hf6,134.783,-0.6985279999999999,127 - P4/mbm,tP10
Ge4Ho4Mg2,78.3658,-0.774356,127 - P4/mbm,tP10
Ge4Mg2Y4,72.8812,-0.7968270000000001,127 - P4/mbm,tP10
Ge4O24Se8,51.6339,-1.31817,205 - Pa3,cP36
Ge4O8,231.547,-1.6718,205 - Pa3,cP12
Ge4O8,218.27900000000002,-1.85275,60 - Pbcn,oP12
Ge4Zr4,122.34700000000001,-0.806581,62 - Pnma,oP8
Ge6Y10,70.829,-0.837017,193 - P63/mcm,hP16
Ge8,58.9656,0.140959,206 - Ia3,cI16
Ge8,61.5626,0.009054000000000001,194 - P63/mmc,hP8
Ge8Y6,77.5883,-0.8091,63 - Cmcm,oS28
Hf10Si6,141.178,-0.745139,193 - P63/mcm,hP16
Hf12P8,156.68200000000002,-1.19085,62 - Pnma,oP20
Hf1O2,252.028,-3.76925,225 - Fm3m,cF12
Hf1O3Pb1,164.794,-2.81458,221 - Pm3m,cP5
Hf1O3Sr1,162.856,-3.63519,221 - Pm3m,cP5
Hf2,109.90899999999999,-0.000597,194 - P63/mmc,hP2
Hf2Hg1,113.932,-0.120832,139 - I4/mmm,tI6
Hf2O6Sr2,153.68,-3.66201,140 - I4/mcm,tI20
Hf2O6Sr2,153.918,-3.6554,127 - P4/mbm,tP10
Hf2O8Si2,217.407,-3.4929699999999997,141 - I41/amd,tI24
Hf2Si4,130.464,-0.5674600000000001,63 - Cmcm,oS12
Hf3,109.227,0.043792000000000005,191 - P6/mmm,hP3
Hf4Ho4O14,171.933,-3.8596699999999995,227 - Fd3m,cF88
Hf4O12Sr4,158.518,-3.6637800000000005,63 - Cmcm,oS40
Hf4O12Sr4,153.528,-3.66822,62 - Pnma,oP20
Hf4O14Y4,169.083,-3.84286,227 - Fd3m,cF88
Hf4O8,225.968,-3.71876,62 - Pnma,oP12
Hf4P2Sb2,123.36,-1.0676299999999999,194 - P63/mmc,hP8
Hf4P4,144.941,-1.344,194 - P63/mmc,hP8
Hf6Sb6,100.852,-0.660506,63 - Cmcm,oS24
Hf6Si4,143.632,-0.80142,127 - P4/mbm,tP10
Hg1Ho1,70.2778,-0.48692700000000005,221 - Pm3m,cP2
Hg1Li1,32.5667,-0.375153,221 - Pm3m,cP2
Hg1Mg1,46.5444,-0.21984099999999998,221 - Pm3m,cP2
Hg1O2Rb2,23.0911,-1.21258,139 - I4/mmm,tI10
Hg1Se1,43.7667,-0.21309499999999998,216 - F43m,cF8
Hg1Se1,58.9222,-0.052771000000000005,225 - Fm3m,cF8
Hg1Sr1,29.1111,-0.5367890000000001,221 - Pm3m,cP2
Hg1Te1,35.2611,-0.16915999999999998,216 - F43m,cF8
Hg1Te1,47.8611,-0.015983,225 - Fm3m,cF8
Hg1Y1,66.4778,-0.5130520000000001,221 - Pm3m,cP2
Hg2Ho1,67.5175,-0.377635,191 - P6/mmm,hP3
Hg2K2Sb2,21.1094,-0.448949,194 - P63/mmc,hP6
Hg2Mg1,43.1007,-0.123918,139 - I4/mmm,tI6
Hg2Pb2Sr2,34.088,-0.48128999999999994,186 - P63mc,hP6
Hg2Y1,65.9158,-0.405537,191 - P6/mmm,hP3
Hg2Zr6,107.094,-0.177071,223 - Pm3n,cP8
Hg33K3,14.6389,-0.101839,221 - Pm3m,cP36
Hg33Rb3,14.3333,-0.11257,221 - Pm3m,cP36
Hg3Zr1,83.0389,-0.06221,221 - Pm3m,cP4
Hg4K2,13.1689,-0.276642,74 - Imma,oI12
Hg4Mg8,47.8227,-0.205183,62 - Pnma,oP12
Hg4O14Sb4,149.528,-1.3552600000000001,227 - Fd3m,cF88
Hg4Sr12,15.9327,-0.284018,62 - Pnma,oP16
Hg4Sr6,23.8286,-0.448316,127 - P4/mbm,tP10
Hg6Mg10,44.508,-0.21011799999999997,193 - P63/mcm,hP16
Hg6Y2,62.7056,-0.360074,194 - P63/mmc,hP8
Hg6Y2,61.9957,-0.36007100000000003,194 - P63/mmc,hP8
Ho10Sb6,68.4001,-0.997908,193 - P63/mcm,hP16
Ho16O24,144.876,-3.89256,206 - Ia3,cI80
Ho16O24,145.194,-3.89258,206 - Ia3,cI80
Ho1Mg1,41.5833,-0.07571649999999999,221 - Pm3m,cP2
Ho1P1,87.6556,-1.6616799999999998,225 - Fm3m,cF8
Ho1Sb1,61.3611,-1.23318,225 - Fm3m,cF8
Ho1Se1,82.6611,-1.72517,225 - Fm3m,cF8
Ho1Te1,65.1611,-1.24721,225 - Fm3m,cF8
Ho1Tl1,56.6444,-0.328547,221 - Pm3m,cP2
Ho1Tl3,49.15,-0.200976,221 - Pm3m,cP4
Ho2,42.971000000000004,-0.0001785,194 - P63/mmc,hP2
Ho2Si2,92.5681,-0.83209,63 - Cmcm,oS8
Ho2Te4,58.9661,-1.1279700000000001,129 - P4/nmm,tP6
Ho4Mg2Se8,52.6556,-1.7042700000000002,227 - Fd3m,cF56
Ho4Mg8,42.6621,-0.0688177,194 - P63/mmc,hP12
Ho4Mg8,42.6587,-0.0686377,194 - P63/mmc,hP12
Ho4Si4,93.1009,-0.8346610000000001,62 - Pnma,oP8
Ho6Tl10,53.4482,-0.27622800000000003,63 - Cmcm,oS32
Ho8Sb6,68.4611,-1.07398,220 - I43d,cI28
K1,3.7333300000000005,0.0013210000000000001,225 - Fm3m,cF4
K1,3.8833300000000004,0.001046,229 - Im3m,cI2
K10Te6,14.8008,-0.9716,87 - I4/m,tI32
K12Sb4Se12,12.8143,-1.00587,198 - P213,cP28
K12Sb4Te12,10.2813,-0.823209,198 - P213,cP28
K1Na2Sb1,19.95,-0.496022,225 - Fm3m,cF16
K2Li2Se2,24.1404,-1.22322,129 - P4/nmm,tP6
K2O1,27.45,-1.17654,225 - Fm3m,cF12
K2Se1,15.8944,-1.11106,225 - Fm3m,cF12
K2Te1,13.0667,-1.03415,225 - Fm3m,cF12
K3Sb1,13.1278,-0.44717299999999993,225 - Fm3m,cF16
K4Na4Te4,17.8722,-1.0119,62 - Pnma,oP12
K4O12Sb4,114.311,-1.9111099999999999,227 - Fd3m,cF80
K4O6Pb4,21.1407,-1.46789,199 - I213,cI28
K5Pb24,30.5778,-0.10790899999999999,217 - I43m,cI58
K5Sb4,14.982000000000001,-0.544928,12 - C2/m,mS18
K6Se6,15.2688,-0.9532,189 - P62m,hP12
K8Si46,72.7056,-0.017989599999999998,223 - Pm3n,cP54
K8Te12,15.0293,-0.72329,62 - Pnma,oP20
Li1Mg1P1,55.7611,-0.44372399999999995,216 - F43m,cF12
Li1Mg4Si2,48.4327,-0.095634,123 - P4/mmm,tP7
Li1Mg8Si4,52.5444,-0.127902,221 - Pm3m,cP13
Li1P1Sr1,41.9014,-0.9298360000000001,187 - P6m2,hP3
Li1Pb1,34.0444,-0.276982,221 - Pm3m,cP2
Li1Tl1,27.6556,-0.22929499999999997,221 - Pm3m,cP2
Li2,13.9884,0.000495,194 - P63/mmc,hP2
Li23Sr6,12.8167,-0.00158103,225 - Fm3m,cF116
Li2Mg1Pb1,30.8333,-0.260075,225 - Fm3m,cF16
Li2Mg1Si1,46.3222,-0.240837,216 - F43m,cF16
Li2Na1Sb1,29.8222,-0.637942,225 - Fm3m,cF16
Li2O1,79.1389,-1.98237,225 - Fm3m,cF12
Li2P2Sr2,44.3819,-1.00975,194 - P63/mmc,hP6
Li2Se1,33.8722,-1.26684,225 - Fm3m,cF12
Li2Si4Y4,68.2414,-0.664234,127 - P4/mbm,tP10
Li2Te1,26.2556,-1.04041,225 - Fm3m,cF12
Li30Si8,29.6569,-0.235592,220 - I43d,cI76
Li3Pb1,26.1722,-0.326266,225 - Fm3m,cF16
Li3Sb1,32.8667,-0.694825,225 - Fm3m,cF16
Li3Si3Y3,62.7917,-0.61622,189 - P62m,hP9
Li40Pb12,21.5111,-0.226039,215 - P43m,cP52
Li4Na4Te4,25.4256,-1.0007700000000002,62 - Pnma,oP12
Li4O10Si4,77.5072,-2.87966,37 - Ccc2,oS36
Li4O10Si4,76.8768,-2.88083,37 - Ccc2,oS36
Li4O12Sb4,105.324,-2.0186,52 - Pnna,oP20
Li4Sb4Sr4,33.7159,-1.03837,62 - Pnma,oP12
Li6P2,39.7906,-0.72055,194 - P63/mmc,hP8
Li84Si20,31.0833,-0.2249,216 - F43m,cF416
Li8Mg4Si4,45.5556,-0.249646,215 - P43m,cP16
Li8O8Pb2,66.2776,-1.8117599999999998,63 - Cmcm,oS36
Mg1,46.1667,0.082466,229 - Im3m,cI2
Mg1O1,152.389,-2.93458,225 - Fm3m,cF8
Mg1Se1,44.9722,-1.2574100000000001,216 - F43m,cF8
Mg1Se1,61.7167,-1.24363,225 - Fm3m,cF8
Mg1Sr1,20.2667,-0.057924500000000004,221 - Pm3m,cP2
Mg1Te1,34.0333,-0.8788530000000001,216 - F43m,cF8
Mg1Te1,46.4833,-0.8149850000000001,225 - Fm3m,cF8
Mg1Tl1,35.3944,-0.034333499999999996,221 - Pm3m,cP2
Mg1Y1,41.4889,-0.108911,221 - Pm3m,cP2
Mg24P16,57.55,-0.705867,206 - Ia3,cI80
Mg24Sb16,38.059,-0.46991000000000005,206 - Ia3,cI80
Mg2O12Sb4,163.611,-2.11651,136 - P42/mnm,tP18
Mg2O2,124.948,-2.89722,194 - P63/mmc,hP4
Mg2O2,112.37799999999999,-2.8616200000000003,186 - P63mc,hP4
Mg2O6Si2,199.665,-2.82983,63 - Cmcm,oS20
Mg2Pb1,35.1833,-0.0631057,225 - Fm3m,cF12
Mg2Se2,45.4159,-1.26191,186 - P63mc,hP4
Mg2Se8Y4,51.8944,-1.7116200000000001,227 - Fd3m,cF56
Mg2Si1,55.4778,-0.182327,225 - Fm3m,cF12
Mg2Te2,34.2454,-0.8791389999999999,186 - P63mc,hP4
Mg2Te2,46.6749,-0.83154,194 - P63/mmc,hP4
Mg3Tl3Y3,54.29600000000001,-0.352927,189 - P62m,hP9
Mg4O12Se4,79.5289,-1.88355,62 - Pnma,oP20
Mg4O12Si4,229.067,-2.87433,62 - Pnma,oP20
Mg4O8,127.99600000000001,-1.99878,205 - Pa3,cP12
Mg4O8Si2,174.122,-3.01225,227 - Fd3m,cF56
Mg4O8Si2,113.087,-3.02129,164 - P3m1,hP14
Mg4Se8,50.2973,-0.835332,205 - Pa3,cP12
Mg4Si2,43.3333,0.408141,227 - Fd3m,cF24
Mg4Si2,55.7237,-0.00774267,194 - P63/mmc,hP6
Mg4Si4Sr4,43.3882,-0.39811599999999997,62 - Pnma,oP12
Mg4Te8,37.9511,-0.57949,205 - Pa3,cP12
Mg6O6,93.4556,-2.79874,223 - Pm3n,cP12
Mg6P4,57.4444,-0.518463,224 - Pn3m,cP10
Mg8O8,111.955,-2.85937,72 - Ibam,oI32
Mg8Sr4,25.5269,-0.10647999999999999,194 - P63/mmc,hP12
Na1,9.25,0.0024530000000000003,229 - Im3m,cI2
Na12Sb4Se12,19.1464,-0.8756280000000001,198 - P213,cP28
Na12Sb4Te12,14.5051,-0.6745760000000001,198 - P213,cP28
Na2,9.12427,0.0024655000000000002,194 - P63/mmc,hP2
Na2O1,47.15,-1.36588,225 - Fm3m,cF12
Na2O4,32.473,-1.09879,58 - Pnnm,oP6
Na2Se1,25.5444,-1.07388,225 - Fm3m,cF12
Na2Te1,20.2667,-0.937328,225 - Fm3m,cF12
Na3P3Sr3,38.6656,-0.831857,189 - P62m,hP9
Na3Sb1Se4,19.4944,-0.761478,217 - I43m,cI16
Na4O12Sb4,112.87200000000001,-1.91188,227 - Fd3m,cF80
Na4O12Sb4,128.284,-1.87435,62 - Pnma,oP20
Na6O5Pb1,60.7226,-1.47855,107 - I4mm,tI24
Na6P2,26.701,-0.362994,194 - P63/mmc,hP8
Na6Sb2,20.6313,-0.498733,194 - P63/mmc,hP8
Na8Si46,75.6778,0.000883167,223 - Pm3n,cP54
O12Pb4Sr4,105.29799999999999,-2.01133,62 - Pnma,oP20
O12Sb8,11.5056,-1.6897,227 - Fd3m,cF80
O12Sb8,12.1056,-1.68973,227 - Fd3m,cF80
O12Se4Sr4,47.9517,-2.16906,62 - Pnma,oP20
O12Si6,83.1163,-3.07777,194 - P63/mmc,hP18
O14Pb4Sb4,131.95,-1.62164,227 - Fd3m,cF88
O14Y4Zr4,160.711,-3.6951,227 - Fd3m,cF88
O1Pb1Sr3,40.85,-1.5489700000000002,221 - Pm3m,cP5
O1Rb2,22.7389,-1.06108,225 - Fm3m,cF12
O1Sr1,84.7444,-2.95772,225 - Fm3m,cF8
O24Si12,59.3649,-2.8806599999999998,195 - P23,cP36
O24Tl16,107.336,-0.956675,206 - Ia3,cI80
O24Y16,137.576,-3.8247400000000003,206 - Ia3,cI80
O24Y16,137.85299999999998,-3.82475,206 - Ia3,cI80
O28P8Si4,136.245,-2.5960099999999997,205 - Pa3,cP40
O28P8Zr4,129.516,-2.95305,205 - Pa3,cP40
O2Pb1,133.589,-1.0319200000000002,225 - Fm3m,cF12
O2Pb2,20.4054,-1.3502,129 - P4/nmm,tP4
O2Rb1,20.6437,-1.15751,139 - I4/mmm,tI6
O2Rb2,25.1382,-1.2238,71 - Immm,oI8
O2Sr1,74.7971,-2.18264,139 - I4/mmm,tI6
O2Zr1,233.528,-3.5829,225 - Fm3m,cF12
O2Zr6,131.946,-1.48231,182 - P6322,hP8
O3Pb1Zr1,155.322,-2.64911,221 - Pm3m,cP5
O3Sr1Zr1,151.761,-3.46253,221 - Pm3m,cP5
O4,19.5204,-0.312469,194 - P63/mmc,hP4
O4Si2,145.917,-3.09175,227 - Fd3m,cF24
O4Si2,270.112,-2.90741,136 - P42/mnm,tP6
O4Te2,144.156,-1.10602,136 - P42/mnm,tP6
O6Sr2Zr2,143.686,-3.5050800000000004,140 - I4/mcm,tI20
O6Sr2Zr2,142.53,-3.5050800000000004,140 - I4/mcm,tI20
O8P2Y2,133.41299999999998,-3.3357699999999997,141 - I41/amd,tI24
O8Pb2Sr4,90.5778,-2.32945,55 - Pbam,oP14
O8Si2Zr2,204.872,-3.39618,141 - I41/amd,tI24
O8Si2Zr2,221.019,-3.31653,88 - I41/a,tI24
O8Si4,309.818,-2.53152,205 - Pa3,cP12
O8Si4,66.388,-2.95418,98 - I4122,tI24
O8Si4,50.1406,-2.92702,24 - I212121,oI24
O8Si4,291.813,-2.84897,60 - Pbcn,oP12
O8Zr4,194.09599999999998,-3.65194,14 - P21/c,mP12
O8Zr4,152.983,-3.6237699999999995,60 - Pbcn,oP12
O8Zr4,217.102,-3.54881,62 - Pnma,oP12
P1,104.17200000000001,0.05260499999999999,221 - Pm3m,cP1
P1Tl1,46.5556,0.171547,216 - F43m,cF8
P1Y1,85.2611,-1.6716400000000002,225 - Fm3m,cF8
P1Zr1,136.094,-1.37495,225 - Fm3m,cF8
P2Sb2Zr4,113.46700000000001,-1.21848,194 - P63/mmc,hP8
P4,113.206,0.0526125,221 - Pm3m,tP4
P4,114.01100000000001,0.07016900000000001,221 - Pm3m,tP2
P4Zr4,135.0,-1.4243,194 - P63/mmc,hP8
P6Sr6,44.8799,-1.09236,189 - P62m,hP12
P8Si4,110.15899999999999,-0.167482,205 - Pa3,cP12
Pb1Se1,47.7222,-0.5678350000000001,225 - Fm3m,cF8
Pb1Se1,50.8611,-0.32902800000000004,221 - Pm3m,cP2
Pb1Te1,39.4722,-0.408348,225 - Fm3m,cF8
Pb1Te1,42.2889,-0.18091300000000002,221 - Pm3m,cP2
Pb2Te6Tl8,27.6557,-0.329323,140 - I4/mcm,tI32
Pb4Sr8,22.701999999999998,-0.548825,62 - Pnma,oP12
Pb4Y2,53.3937,-0.39315500000000003,63 - Cmcm,oS12
Rb1,3.15,0.0005,229 - Im3m,cI2
Rb12Sb4Se12,12.0881,-0.999733,198 - P213,cP28
Rb2Se1,13.8333,-1.06764,225 - Fm3m,cF12
Rb2Te1,11.4944,-1.01122,225 - Fm3m,cF12
Rb2Te4Y2,26.7965,-1.39963,194 - P63/mmc,hP8
Rb4Te2,12.5158,-0.9528989999999999,194 - P63/mmc,hP6
Rb8Sb8,11.5673,-0.5480189999999999,19 - P212121,oP16
Sb1,59.7056,-0.183316,221 - Pm3m,cP1
Sb1Tl1,30.7389,0.0102785,216 - F43m,cF8
Sb1Y1,58.9722,-1.28223,225 - Fm3m,cF8
Sb2Sr4,27.4686,-0.940325,139 - I4/mmm,tI12
Sb2Y2Zr2,79.9434,-0.904541,139 - I4/mmm,tI12
Sb2Zr4,106.87100000000001,-0.721646,139 - I4/mmm,tI12
Sb4Se12Tl12,15.4473,-0.40055999999999997,198 - P213,cP28
Sb4Zr4,103.471,-0.8347829999999999,198 - P213,cP8
Sb6Si2Zr10,115.117,-0.888099,193 - P63/mcm,hP18
Sb6Sr10,30.1386,-1.0900299999999998,193 - P63/mcm,hP16
Sb6Tl21,26.0444,-0.066535,229 - Im3m,cI54
Sb6Y8,65.7944,-1.12788,220 - I43d,cI28
Sb6Zr6,93.3358,-0.826535,63 - Cmcm,oS24
Sb8Zr10,107.446,-0.784775,193 - P63/mcm,hP18
Se12Sr4Zr4,43.3434,-1.60341,62 - Pnma,oP20
Se1Sr1,41.0111,-2.0712200000000003,225 - Fm3m,cF8
Se1Tl1,36.9111,-0.080961,221 - Pm3m,cP2
Se1Y1,79.3722,-1.76627,225 - Fm3m,cF8
Se4Tl4,22.369,-0.27923600000000004,140 - I4/mcm,tI16
Se6,19.0167,0.5334439999999999,227 - Fd3m,cF24
Si106,65.7248,0.178483,137 - P42/nmc,tP106
Si10Sr10,41.2233,-0.420749,71 - Immm,oI40
Si12Sr2,74.5701,-0.08380139999999998,63 - Cmcm,oS28
Si2,89.0944,-1.2e-05,227 - Fd3m,cF8
Si2,107.803,0.291852,141 - I41/amd,tI4
Si2,107.322,0.291876,141 - I41/amd,tI4
Si2Sr4,30.2447,-0.290439,194 - P63/mmc,hP6
Si2Y2,89.9409,-0.851728,63 - Cmcm,oS8
Si2Zr2,143.955,-0.935298,63 - Cmcm,oS8
Si2Zr4,127.611,-0.781275,140 - I4/mcm,tI12
Si34,61.4778,0.339606,227 - Fd3m,cF136
Si4,89.0036,0.011114299999999999,194 - P63/mmc,hP4
Si4,81.4088,0.100989,139 - I4/mmm,tI8
Si4,89.0009,0.0111083,194 - P63/mmc,hP4
Si40,72.6769,0.0794809,191 - P6/mmm,hP40
Si41,73.4222,0.109867,217 - I43m,cI82
Si46,76.0333,0.06263969999999999,223 - Pm3n,cP46
Si4Sr2,52.9924,-0.36594,141 - I41/amd,tI12
Si4Sr8,29.0757,-0.368373,62 - Pnma,oP12
Si4Y2,84.781,-0.541425,141 - I41/amd,tI12
Si4Zr2,123.064,-0.653884,63 - Cmcm,oS12
Si4Zr4,142.004,-0.9341729999999999,62 - Pnma,oP8
Si6,67.5056,0.222214,229 - Im3m,cI12
Si6Sr10,32.6003,-0.395778,108 - I4cm,tI32
Si6Zr10,127.929,-0.8197690000000001,193 - P63/mcm,hP16
Si8,84.684,0.15803,206 - Ia3,cI16
Si8,81.0592,0.0691056,12 - C2/m,mS16
Si82,72.5401,0.12853699999999998,15 - C2/c,mS164
Si8Sr4,58.0722,-0.36191100000000004,212 - P4332,cP12
Sr1,11.1778,6.1e-05,225 - Fm3m,cF4
Sr1Te1,31.9333,-1.7462,225 - Fm3m,cF8
Sr1Te1,36.0167,-1.50678,221 - Pm3m,cP2
Sr1Tl1,26.3667,-0.432435,221 - Pm3m,cP2
Sr2,11.6072,0.0025559999999999997,194 - P63/mmc,hP2
Sr2Tl4,28.2712,-0.340373,194 - P63/mmc,hP6
Te1Y1,60.5444,-1.31002,225 - Fm3m,cF8
Te1Zr1,95.1389,-0.9014719999999999,187 - P6m2,hP2
Te2,49.0778,0.0426415,221 - Pm3m,cP1
Te2Zr2,89.0906,-0.626066,194 - P63/mmc,hP4
Te2Zr2,94.5331,-0.845843,194 - P63/mmc,hP4
Te4Y2,57.1402,-1.1633799999999999,129 - P4/nmm,tP6
Te4Zr4,91.4831,-0.8749889999999999,62 - Pnma,oP8
Tl1,29.6552,0.019456,139 - I4/mmm,tI2
Tl1Y1,54.4722,-0.374189,221 - Pm3m,cP2
Tl3Y1,46.4056,-0.23392399999999997,221 - Pm3m,cP4
Y2,41.5471,-0.0005895,194 - P63/mmc,hP2
Zr2,94.65799999999999,-0.00017549999999999998,194 - P63/mmc,hP2
